#{"t_start": 1522880736.2123322, "env_id": "MontezumaRevengeNoFrameskip-v0"}
r,l,t
0.0,250,17.735402
0.0,328,20.962433
0.0,557,26.763872
0.0,482,31.330591
0.0,344,34.72093
0.0,268,37.681322
0.0,633,44.025645
0.0,543,49.108395
0.0,348,52.566137
0.0,501,57.75897
0.0,676,65.03638
0.0,1231,77.432981
0.0,251,79.964172
0.0,631,86.538544
0.0,320,89.725569
0.0,450,94.178123
0.0,374,97.815246
