#{"t_start": 1522880736.211089, "env_id": "MontezumaRevengeNoFrameskip-v0"}
r,l,t
0.0,489,20.168305
0.0,337,23.751455
0.0,1220,36.083985
0.0,201,38.278245
0.0,343,41.564435
0.0,475,46.153835
0.0,463,50.537841
0.0,516,55.672518
0.0,425,60.089914
0.0,657,67.302215
0.0,609,72.916244
0.0,631,79.609017
0.0,780,87.833704
