#{"t_start": 1522880736.2089207, "env_id": "MontezumaRevengeNoFrameskip-v0"}
r,l,t
0.0,454,19.770824
0.0,907,29.079899
0.0,466,33.613114
0.0,326,37.116478
0.0,313,40.357431
0.0,246,42.651459
0.0,727,49.592548
0.0,744,57.369216
0.0,1222,70.03964
0.0,524,75.086518
0.0,647,82.051066
0.0,753,89.904932
0.0,320,93.128779
