#{"t_start": 1522880736.2118034, "env_id": "MontezumaRevengeNoFrameskip-v0"}
r,l,t
0.0,493,20.25086
0.0,426,24.810426
0.0,667,31.14052
0.0,598,37.560195
0.0,655,44.154027
0.0,1135,55.300679
0.0,695,62.328261
0.0,1159,74.359405
0.0,442,79.050018
0.0,568,85.297609
0.0,279,87.909175
0.0,424,92.209716
0.0,383,95.949464
