#{"t_start": 1522880736.5873907, "env_id": "MontezumaRevengeNoFrameskip-v0"}
r,l,t
0.0,543,20.405536
0.0,264,23.057641
0.0,947,32.467756
0.0,408,36.868057
0.0,473,41.679193
0.0,539,46.824659
0.0,610,52.832092
0.0,528,58.366867
0.0,479,63.407224
0.0,718,70.557359
0.0,1266,84.136019
0.0,265,86.554204
0.0,408,90.626795
0.0,436,94.989906
