#{"t_start": 1522880736.3679736, "env_id": "MontezumaRevengeNoFrameskip-v0"}
r,l,t
0.0,446,19.52472
0.0,312,22.791101
0.0,396,26.811872
0.0,853,35.331036
0.0,334,38.947691
0.0,1268,51.449025
0.0,959,61.223033
0.0,319,65.008125
0.0,1200,76.991919
0.0,592,83.286554
0.0,633,89.747493
0.0,263,92.421574
0.0,541,97.603867
