#{"t_start": 1522880736.5771415, "env_id": "MontezumaRevengeNoFrameskip-v0"}
r,l,t
0.0,336,18.249813
0.0,485,23.286856
0.0,765,30.774716
0.0,520,36.238958
0.0,295,39.356456
0.0,402,43.268879
0.0,808,51.059886
0.0,1689,68.885268
0.0,692,75.550931
0.0,603,82.12985
0.0,522,87.5439
0.0,224,89.691893
