#{"t_start": 1522880736.1995988, "env_id": "MontezumaRevengeNoFrameskip-v0"}
r,l,t
0.0,414,19.413221
0.0,275,22.182379
0.0,569,27.882561
0.0,543,33.174195
0.0,576,39.448367
0.0,788,47.11543
0.0,530,52.335122
0.0,462,57.049556
0.0,779,65.594887
0.0,494,70.125097
0.0,708,77.375588
0.0,542,83.095339
0.0,417,87.343237
0.0,473,92.152793
