#{"t_start": 1522880736.2094674, "env_id": "MontezumaRevengeNoFrameskip-v0"}
r,l,t
0.0,477,20.0125
0.0,1012,30.297261
0.0,334,33.550912
0.0,343,37.329056
0.0,410,41.416043
0.0,519,46.429306
0.0,499,51.217668
0.0,1534,67.643375
0.0,720,74.408275
0.0,268,77.300734
0.0,440,81.717964
0.0,658,88.727618
0.0,235,91.030164
0.0,413,95.056831
