#{"t_start": 1522880736.208688, "env_id": "MontezumaRevengeNoFrameskip-v0"}
r,l,t
0.0,659,21.967505
0.0,909,31.113886
0.0,326,34.378142
0.0,613,40.8975
0.0,452,45.328267
0.0,350,48.440345
0.0,1072,59.552467
0.0,507,65.198753
0.0,1395,79.177234
0.0,248,81.611886
0.0,542,87.44241
0.0,187,89.225959
0.0,826,97.4204
