#{"t_start": 1522880736.6318946, "env_id": "MontezumaRevengeNoFrameskip-v0"}
r,l,t
0.0,873,24.089294
0.0,389,27.643145
0.0,679,34.475296
0.0,431,39.142481
0.0,374,42.803332
0.0,900,51.581545
0.0,725,58.996257
0.0,1218,71.526666
0.0,707,78.954548
0.0,411,83.483147
0.0,539,88.838114
0.0,272,91.479044
0.0,455,95.989316
