#{"t_start": 1522880736.623307, "env_id": "MontezumaRevengeNoFrameskip-v0"}
r,l,t
0.0,696,22.056763
0.0,394,26.082319
0.0,741,33.263917
0.0,609,39.828385
0.0,382,43.548848
0.0,471,47.86604
0.0,554,53.46679
0.0,387,57.53821
0.0,305,60.397996
0.0,240,62.979808
0.0,486,68.064358
0.0,415,71.759557
0.0,457,76.523482
0.0,233,78.814932
0.0,429,83.586062
0.0,515,88.641191
0.0,414,92.839163
0.0,198,94.575063
0.0,351,97.999725
