#{"t_start": 1522880736.2125132, "env_id": "MontezumaRevengeNoFrameskip-v0"}
r,l,t
0.0,566,21.029546
0.0,253,23.599988
0.0,481,28.263374
0.0,466,32.784932
0.0,1015,43.560129
0.0,555,48.736295
0.0,700,55.800517
0.0,1124,67.950058
0.0,394,71.48111
0.0,442,75.778121
0.0,576,81.962221
0.0,546,87.710332
0.0,448,92.303465
