#{"t_start": 1522880736.2096183, "env_id": "MontezumaRevengeNoFrameskip-v0"}
r,l,t
0.0,661,22.006578
0.0,637,28.444071
0.0,639,34.845359
0.0,676,41.991548
0.0,297,44.844883
0.0,519,49.683451
0.0,467,54.359039
0.0,571,60.244407
0.0,297,63.457796
0.0,910,72.422135
0.0,714,80.101615
0.0,602,86.377684
0.0,542,91.853994
