#{"t_start": 1522880736.216762, "env_id": "MontezumaRevengeNoFrameskip-v0"}
r,l,t
0.0,466,19.8918
0.0,393,24.152948
0.0,386,27.738387
0.0,470,32.297929
0.0,613,38.95281
0.0,380,42.606003
0.0,452,46.888507
0.0,353,50.210102
0.0,680,57.221206
0.0,1282,70.557924
0.0,382,74.100278
0.0,535,79.892464
0.0,336,83.402056
0.0,319,86.600169
0.0,376,90.379455
0.0,230,92.683758
0.0,482,97.240394
