#{"t_start": 1522880736.2779598, "env_id": "MontezumaRevengeNoFrameskip-v0"}
r,l,t
0.0,515,20.430167
0.0,341,24.047497
0.0,552,29.321904
0.0,578,35.125089
0.0,293,38.384006
0.0,295,41.170294
0.0,409,45.140953
0.0,858,53.537753
0.0,654,60.298015
0.0,557,66.523918
0.0,348,69.627632
0.0,322,72.523992
0.0,592,78.749889
0.0,306,81.828554
0.0,368,85.83247
0.0,444,90.216676
